{"cameraMode":{"drawMode":0,"name":"Shaded","section":"Shading Mode"},"sceneLighting":true,"audioPlay":false,"sceneViewState":{"m_AlwaysRefresh":false,"showFog":true,"showSkybox":true,"showFlares":true,"showImageEffects":true,"showParticleSystems":true,"showVisualEffectGraphs":true,"m_FxEnabled":true},"in2DMode":false,"pivot":{"x":71.01546478271485,"y":7.547455787658691,"z":-54.344791412353519},"rotation":{"x":0.005813773721456528,"y":-0.8973339200019836,"z":-0.011839007958769799,"w":-0.44111546874046328},"size":52.042728424072269,"orthographic":false}